Champion,Winrate,Champid
Renekton,0.602708333333333,54
Garen,0.49375,77
Malphite,0.2,50
Jax,0.67,24
Urgot,0.556666666666667,6
Gnar,0.67,114
