championid,winrate,championwinrate
0,54,0.602708333333333,0.4881
1,77,0.49375,0.505
2,50,0.2,0.4978
3,24,0.67,0.5035
4,6,0.556666666666667,0.517
